Fecha,Encuestadora,Candidato,Porcentaje,Muestra,Margen_Error
2025-07-02,Guarumo/EcoAnalítica,Vicky Dávila,11.5,2122,2.2%
2025-07-02,Guarumo/EcoAnalítica,Gustavo Bolívar,10.5,2122,2.2%
2025-07-02,Guarumo/EcoAnalítica,Sergio Fajardo,8.7,2122,2.2%
2025-07-02,Guarumo/EcoAnalítica,Daniel Quintero,8.1,2122,2.2%
2025-07-02,Guarumo/EcoAnalítica,Claudia López,5.3,2122,2.2%
2025-07-02,Guarumo/EcoAnalítica,María José Pizarro,3.2,2122,2.2%
2025-07-02,Guarumo/EcoAnalítica,Juan Manuel Galán,3.0,2122,2.2%
2025-07-02,Guarumo/EcoAnalítica,Germán Vargas,2.9,2122,2.2%
2025-07-02,Guarumo/EcoAnalítica,Jota Pe Hernández,2.5,2122,2.2%
2025-07-02,Guarumo/EcoAnalítica,Carolina Corcho,2.4,2122,2.2%
2025-07-02,Guarumo/EcoAnalítica,Juan Daniel Oviedo,2.2,2122,2.2%
2025-07-02,Guarumo/EcoAnalítica,Iván Cepeda,2.1,2122,2.2%
2025-07-02,Guarumo/EcoAnalítica,María Fernanda Cabal,1.9,2122,2.2%
2025-07-02,Guarumo/EcoAnalítica,Susana Muhamad,1.7,2122,2.2%
2025-07-02,Guarumo/EcoAnalítica,David Luna,1.2,2122,2.2%
2025-07-02,Guarumo/EcoAnalítica,Abelardo de la Espriella,1.1,2122,2.2%
2025-07-02,Guarumo/EcoAnalítica,Mauricio Cárdenas,1.0,2122,2.2%
2025-06-08,Guarumo/EcoAnalítica,Gustavo Bolívar,12.6,2159,4.0%
2025-06-08,Guarumo/EcoAnalítica,Vicky Dávila,11.6,2159,4.0%
2025-06-08,Guarumo/EcoAnalítica,Sergio Fajardo,11.4,2159,4.0%
2025-06-08,Guarumo/EcoAnalítica,Claudia López,10.1,2159,4.0%
2025-06-08,Guarumo/EcoAnalítica,Alejandro Gaviria,9.5,2159,4.0%
2025-06-08,Guarumo/EcoAnalítica,Francia Márquez,8.3,2159,4.0%
2025-06-08,Guarumo/EcoAnalítica,Germán Vargas,7.7,2159,4.0%
2025-06-08,Guarumo/EcoAnalítica,Daniel Quintero,7.2,2159,4.0%
2025-06-08,Guarumo/EcoAnalítica,María José Pizarro,6.9,2159,4.0%
2025-06-08,Guarumo/EcoAnalítica,David Luna,6.8,2159,4.0%
2025-06-08,Guarumo/EcoAnalítica,Carlos Caicedo,6.5,2159,4.0%
2025-06-08,Guarumo/EcoAnalítica,Luis Gilberto Murillo,6.2,2159,4.0%
2025-06-08,Guarumo/EcoAnalítica,Paloma Valencia,5.9,2159,4.0%
2025-06-08,Guarumo/EcoAnalítica,Miguel Uribe,5.6,2159,4.0%
2025-06-08,Guarumo/EcoAnalítica,María Fernanda Cabal,5.5,2159,4.0%
2025-06-08,Guarumo/EcoAnalítica,Enrique Peñalosa,5.0,2159,4.0%
2025-06-08,Guarumo/EcoAnalítica,Juan Manuel Galán,4.7,2159,4.0%
2025-06-08,Guarumo/EcoAnalítica,Santiago Botero,4.5,2159,4.0%
2025-06-08,Guarumo/EcoAnalítica,Camilo Romero,4.2,2159,4.0%
2025-06-08,Guarumo/EcoAnalítica,Iván Cepeda,4.1,2159,4.0%
2025-06-08,Guarumo/EcoAnalítica,Susana Muhamad,3.8,2159,4.0%
2025-06-08,Guarumo/EcoAnalítica,Luis Fernando Velasco,3.5,2159,4.0%
2025-06-08,Guarumo/EcoAnalítica,Ninguno,2.5,2159,4.0%
2025-12-15,WAA,Iván Cepeda,30.7,1500,2.5%
2025-12-15,WAA,Abelardo de la Espriella,16.2,1500,2.5%
2025-12-15,WAA,Sergio Fajardo,6.7,1500,2.5%
2025-12-15,WAA,Roy Barreras,6.1,1500,2.5%
2025-12-15,WAA,María Fernanda Cabal,4.1,1500,2.5%
2025-12-15,WAA,Vicky Dávila,3.6,1500,2.5%
2025-12-15,WAA,Claudia López,3.5,1500,2.5%
2025-12-15,WAA,David Luna,3.5,1500,2.5%
2025-12-15,WAA,Juan Manuel Galán,1.6,1500,2.5%
2025-12-15,WAA,Juan Daniel Oviedo,1.5,1500,2.5%
2025-12-15,WAA,Daniel Quintero,1.2,1500,2.5%
2025-12-15,WAA,Susana Muhamad,1.2,1500,2.5%
2025-12-15,WAA,Luis Gilberto Murillo,1.2,1500,2.5%
2025-12-15,WAA,Germán Vargas Lleras,0.7,1500,2.5%
2025-12-15,WAA,Paloma Valencia,0.7,1500,2.5%
2025-12-15,WAA,Enrique Peñalosa,0.7,1500,2.5%
2025-12-15,WAA,Alejandro Gaviria,0.4,1500,2.5%
2025-12-15,WAA,Carlos Caicedo,0.3,1500,2.5%
2025-12-15,WAA,Ninguno,11.8,1500,2.5%
2025-12-15,WAA,NS/NR,2.6,1500,2.5%
2026-01-10,Atlas Intel,Abelardo de la Espriella,28.0,3000,1.8%
2026-01-10,Atlas Intel,Iván Cepeda,26.5,3000,1.8%
2026-01-10,Atlas Intel,Sergio Fajardo,9.4,3000,1.8%
2026-01-10,Atlas Intel,Paloma Valencia,5.1,3000,1.8%
2026-01-10,Atlas Intel,Juan Carlos Pinzón,5.1,3000,1.8%
2026-01-10,Atlas Intel,Enrique Peñalosa,2.3,3000,1.8%
2026-01-10,Atlas Intel,Claudia López,2.6,3000,1.8%
2026-01-10,Atlas Intel,Juan Daniel Oviedo,1.8,3000,1.8%
2026-01-10,Atlas Intel,Aníbal Gaviria,1.3,3000,1.8%
2026-01-10,Atlas Intel,Juan Manuel Galán,1.1,3000,1.8%
2026-01-10,Atlas Intel,David Luna,0.9,3000,1.8%
2026-01-10,Atlas Intel,Vicky Dávila,0.9,3000,1.8%
2026-01-10,Atlas Intel,Mauricio Cárdenas,0.4,3000,1.8%
2026-01-10,Atlas Intel,Daniel Quintero,0.4,3000,1.8%
2026-01-10,Atlas Intel,Roy Barreras,0.2,3000,1.8%
2026-01-10,Atlas Intel,Ninguno,7.2,3000,1.8%
2026-01-10,Atlas Intel,Blanco,5.7,3000,1.8%
2026-01-10,Atlas Intel,NS/NR,1.1,3000,1.8%
